Neighborhood,OverallQual,GarageType,LotArea,YearBuilt,HouseStyle,SalePrice
CollgCr,7,Attchd,8450,2003,2Story,208500
Veenker,6,Attchd,9600,1976,1Story,181500
CollgCr,7,Attchd,11250,2001,2Story,223500
Crawfor,7,Detchd,9550,1915,2Story,140000
NoRidge,8,Attchd,14260,2000,2Story,250000
Mitchel,5,Attchd,14115,1993,1.5Fin,143000
Somerst,8,Attchd,10084,2004,1Story,307000
NWAmes,7,Attchd,10382,1973,2Story,200000
OldTown,7,Detchd,6120,1931,1.5Fin,129900
BrkSide,5,Attchd,7420,1939,1.5Unf,118000
Sawyer,5,Detchd,11200,1965,1Story,129500
NridgHt,9,BuiltIn,11924,2005,2Story,345000
Sawyer,5,Detchd,12968,1962,1Story,144000
CollgCr,7,Attchd,10652,2006,1Story,279500
NAmes,6,Attchd,10920,1960,1Story,157000
BrkSide,7,Detchd,6120,1929,1.5Unf,132000
NAmes,6,Attchd,11241,1970,1Story,149000
Sawyer,4,CarPort,10791,1967,1Story,90000
SawyerW,5,Detchd,13695,2004,1Story,159000
NAmes,5,Attchd,7560,1958,1Story,139000
NridgHt,8,BuiltIn,14215,2005,2Story,325300
IDOTRR,7,Attchd,7449,1930,1.5Unf,139400
CollgCr,8,Attchd,9742,2002,1Story,230000
MeadowV,5,Attchd,4224,1976,1Story,129900
Sawyer,5,Attchd,8246,1968,1Story,154000
NridgHt,8,Attchd,14230,2007,1Story,256300
NAmes,5,Detchd,7200,1951,1Story,134800
NridgHt,8,Attchd,11478,2007,1Story,306000
NAmes,5,Attchd,16321,1957,1Story,207500
BrkSide,4,Detchd,6324,1927,1Story,68500
IDOTRR,4,Detchd,8500,1920,2Story,40000
Sawyer,5,Attchd,8544,1966,1Story,149350
CollgCr,8,Attchd,11049,2007,1Story,179900
NAmes,5,Attchd,10552,1959,1Story,165500
NridgHt,9,Attchd,7313,2005,1Story,277500
NridgHt,8,BuiltIn,13418,2004,2Story,309000
CollgCr,5,Attchd,10859,1994,1Story,145000
NAmes,5,Attchd,8532,1954,1Story,153000
NAmes,5,Detchd,7922,1953,1Story,109000
Edwards,4,NA,6040,1955,1Story,82000
NAmes,6,Attchd,8658,1965,1Story,160000
Timber,5,Attchd,16905,1959,1Story,170000
SawyerW,5,Attchd,9180,1983,SFoyer,144000
CollgCr,5,Detchd,9200,1975,1Story,130250
NAmes,5,Attchd,7945,1959,1Story,141000
NridgHt,9,Attchd,7658,2005,1Story,319900
Mitchel,7,Attchd,12822,2003,1.5Fin,239686
Somerst,8,Attchd,11096,2006,1Story,249700
OldTown,4,NA,4456,1920,2Story,113000
Sawyer,5,Attchd,7742,1966,1Story,127000
Gilbert,6,Attchd,13869,1997,2Story,177000
BrkSide,6,Detchd,6240,1934,1.5Fin,114500
IDOTRR,5,CarPort,8472,1963,1Story,110000
Veenker,9,Attchd,50271,1981,1Story,385000
NAmes,5,Detchd,7134,1955,SLvl,130000
NAmes,6,Attchd,10175,1964,1Story,180500
Somerst,8,Attchd,2645,1999,2Story,172500
CollgCr,7,Attchd,11645,2004,2Story,196500
StoneBr,10,BuiltIn,13682,2006,2Story,438780
CollgCr,5,Detchd,7200,1972,1Story,124900
SawyerW,6,Detchd,13072,2004,1Story,158000
IDOTRR,5,Detchd,7200,1920,2.5Unf,101000
NridgHt,8,Attchd,6442,2006,1Story,202500
OldTown,7,Detchd,10300,1921,2Story,140000
CollgCr,7,Attchd,9375,1997,2Story,219500
NridgHt,8,BuiltIn,9591,2004,2Story,317000
NAmes,7,Attchd,19900,1970,1Story,180000
CollgCr,7,Attchd,10665,2003,1Story,226000
OldTown,4,Attchd,4608,1945,1Story,80000
ClearCr,7,Attchd,15593,1953,1.5Fin,225000
NAmes,7,Attchd,13651,1973,1Story,244000
Mitchel,4,Detchd,7599,1982,1Story,129500
Gilbert,7,Attchd,10141,1998,2Story,185000
NAmes,5,Attchd,10200,1954,1Story,144900
OldTown,3,Detchd,5790,1915,2Story,107400
MeadowV,4,BuiltIn,1596,1973,SLvl,91000
NAmes,4,Detchd,8475,1956,1Story,135750
BrkSide,5,Detchd,8635,1948,1.5Fin,127000
Sawyer,4,NA,10778,1968,1Story,136500
OldTown,5,Detchd,10440,1910,2Story,110000
NAmes,6,Attchd,13000,1968,2Story,193500
Mitchel,6,Attchd,4500,1998,1Story,153500
Somerst,8,Attchd,10206,2007,1Story,245000
NAmes,5,Detchd,8892,1960,1Story,126500
Gilbert,7,BuiltIn,8530,1995,SLvl,168500
NoRidge,8,Attchd,16059,1991,2Story,260000
Gilbert,6,BuiltIn,11911,2005,2Story,174000
Somerst,6,Detchd,3951,2009,2Story,164500
IDOTRR,3,NA,8470,1915,1.5Fin,85000
CollgCr,4,NA,8070,1994,1Story,123600
NAmes,4,Detchd,7200,1950,1Story,109900
NAmes,5,Attchd,8500,1961,1Story,98600
Crawfor,5,Detchd,13360,1921,1Story,163500
OldTown,6,Detchd,7200,1910,2.5Unf,133900
CollgCr,6,Attchd,9337,1997,2Story,204750
Gilbert,6,BuiltIn,9765,1993,2Story,185000
CollgCr,7,Attchd,10264,1999,1Story,214000
Edwards,4,Attchd,10921,1965,1Story,94750
Edwards,5,Basment,10625,1920,1Story,83000
NAmes,4,NA,9320,1959,1Story,128950
NWAmes,6,Attchd,10603,1977,1Story,205000
SawyerW,6,Attchd,9206,1985,2Story,178000
SawyerW,5,Attchd,7018,1979,1Story,118964
CollgCr,7,Attchd,10402,2009,1Story,198900
IDOTRR,7,Detchd,7758,1931,1.5Fin,169500
Somerst,8,Attchd,9375,2003,2Story,250000
OldTown,4,Detchd,10800,1885,1Story,100000
OldTown,5,Detchd,6000,1948,1Story,115000
IDOTRR,5,NA,8500,1919,1.5Fin,115000
NWAmes,6,Attchd,11751,1977,1Story,190000
Edwards,6,Attchd,9525,1954,1.5Fin,136900
Gilbert,7,BuiltIn,7750,2000,SLvl,180000
CollgCr,7,BuiltIn,9965,2007,2Story,383970
Crawfor,6,Basment,21000,1953,1Story,217000
Crawfor,6,Detchd,7259,1945,2Story,259500
Somerst,6,Detchd,3230,1999,2Story,176000
Sawyer,5,Attchd,11616,1962,1Story,139000
Edwards,5,Attchd,8536,2006,1Story,155000
SawyerW,7,Attchd,12376,1990,2Story,320000
CollgCr,6,Attchd,8461,2005,2Story,163990
ClearCr,6,Attchd,21453,1969,SLvl,180000
IDOTRR,4,Detchd,6060,1939,1.5Fin,100000
NAmes,6,Attchd,9464,1958,1Story,136000
SawyerW,6,Attchd,7892,1993,1Story,153900
NWAmes,6,Attchd,17043,1979,1Story,181000
IDOTRR,6,NA,6780,1935,1.5Fin,84500
NPkVill,6,Attchd,4928,1976,1Story,128000
OldTown,5,NA,4388,1930,1.5Unf,87000
NAmes,6,Attchd,7590,1966,2Story,155000
NAmes,5,2Types,8973,1958,1Story,150000
NAmes,7,Attchd,14200,1966,2Story,226000
Gilbert,6,BuiltIn,12224,2000,2Story,244000
NAmes,5,Detchd,7388,1959,1Story,150750
Timber,8,Attchd,6853,2001,1Story,220000
Sawyer,5,Attchd,10335,1968,1Story,180000
NWAmes,7,Attchd,10400,1970,1Story,174000
NAmes,5,Attchd,10355,1967,1Story,143000
Mitchel,7,2Types,11070,1988,1Story,171000
CollgCr,8,Attchd,9066,1999,2Story,230000
CollgCr,6,Attchd,15426,1997,2Story,231500
NAmes,4,NA,10500,1971,1Story,115000
CollgCr,7,Attchd,11645,2005,1Story,260000
NAmes,5,Detchd,8520,1952,1.5Fin,166000
CollgCr,7,Attchd,10335,1999,1Story,204000
Sawyer,5,Detchd,9100,1963,1Story,125000
Edwards,6,Detchd,2522,2004,2Story,130000
BrkSide,5,Detchd,6120,1931,1Story,105000
Gilbert,7,BuiltIn,9505,2001,2Story,222500
SawyerW,7,NA,7500,2004,1Story,141000
BrkSide,5,Detchd,6240,1936,1.5Fin,115000
CollgCr,5,Attchd,10356,1975,1Story,122000
NridgHt,8,Attchd,13891,2007,1Story,372402
NWAmes,6,Attchd,14803,1971,2Story,190000
ClearCr,6,Attchd,13500,1960,1Story,235000
OldTown,6,Detchd,11340,1923,1Story,125000
Edwards,6,NA,9600,1924,1.5Fin,79000
NAmes,5,Detchd,7200,1950,1Story,109500
Timber,8,BuiltIn,12003,2009,2Story,269500
Somerst,7,Attchd,12552,2004,2Story,254900
Gilbert,7,Attchd,19378,2005,2Story,320000
Veenker,6,Attchd,11120,1984,1Story,162500
NridgHt,9,BuiltIn,13688,2003,2Story,412500
NridgHt,7,Attchd,12182,2005,1Story,220000
OldTown,4,NA,5500,1956,1.5Unf,103200
OldTown,6,Detchd,5400,1926,1Story,152000
Edwards,5,NA,10106,1940,1.5Fin,127500
ClearCr,5,Attchd,10708,1955,1Story,190000
NridgHt,8,Attchd,10562,2007,2Story,325624
Gilbert,7,Attchd,8244,2004,2Story,183500
Timber,8,Attchd,16669,1981,1Story,228000
OldTown,5,Detchd,12358,1941,1.5Fin,128500
NAmes,6,Attchd,31770,1960,1Story,215000
StoneBr,7,Attchd,5306,1987,2Story,239000
NAmes,6,Attchd,10197,1961,1Story,163000
Timber,6,Attchd,12416,1986,1Story,184000
Edwards,6,Attchd,12615,1950,1Story,243000
ClearCr,6,Attchd,10029,1988,2Story,211000
Sawyer,5,Attchd,13650,1958,1.5Fin,172500
StoneBr,9,Attchd,17423,2008,1Story,501837
OldTown,5,Detchd,8520,1923,1Story,100000
Somerst,6,Detchd,2117,2000,2Story,177000
Crawfor,7,Detchd,7588,1920,2Story,200100
Edwards,5,Attchd,9060,1957,1Story,120000
OldTown,7,Detchd,11426,2003,1.5Fin,200000
BrkSide,5,Attchd,7438,1908,1.5Fin,127000
OldTown,10,Detchd,22950,1892,2.5Fin,475000
Mitchel,7,Attchd,9947,1990,SLvl,173000
OldTown,5,Detchd,10410,1916,1.5Fin,135000
SawyerW,5,Detchd,7018,1979,SFoyer,153337
StoneBr,8,Attchd,4923,2001,1Story,286000
Crawfor,8,Detchd,10570,1932,2Story,315000
NAmes,7,Attchd,7472,1972,2Story,184000
CollgCr,7,Attchd,9017,1999,1Story,192000
Edwards,7,Detchd,2522,2004,2Story,130000
CollgCr,5,Detchd,7180,1972,1Story,127000
NPkVill,6,Attchd,2280,1976,2Story,148500
Somerst,7,Attchd,9416,2007,1Story,311872
NAmes,8,Detchd,25419,1918,2Story,235000
OldTown,6,NA,5520,1912,2.5Fin,104000
NridgHt,8,Attchd,9591,2004,1Story,274900
Edwards,4,Attchd,8546,2003,1Story,140000
Mitchel,6,Detchd,10125,1977,1Story,171500
OldTown,6,Attchd,7000,1924,1.5Fin,112000
CollgCr,6,Attchd,4438,2004,1Story,149000
OldTown,5,Detchd,3500,1947,1.5Fin,110000
Gilbert,7,Attchd,11851,1990,1Story,180500
Sawyer,5,Attchd,13673,1962,1Story,143900
NAmes,4,Attchd,12493,1960,1Story,141000
SawyerW,7,Attchd,14364,1988,2Story,277000
NAmes,6,Attchd,8250,1964,1Story,145000
Edwards,5,NA,5604,1925,1Story,98000
Edwards,6,Attchd,10420,2009,1Story,186000
Somerst,7,Attchd,8640,2009,2Story,252678
CollgCr,5,Attchd,13568,1995,1Story,156000
CollgCr,6,Attchd,10900,1977,2Story,161750
NAmes,5,Attchd,10011,1957,1Story,134450
CollgCr,7,Attchd,8450,2004,1Story,210000
OldTown,4,Detchd,9906,1925,2Story,107000
Crawfor,7,Attchd,15660,1939,1.5Fin,311500
Blmngtn,7,Attchd,3010,2005,1Story,167240
CollgCr,7,Attchd,8990,2006,1Story,204900
Gilbert,6,BuiltIn,8068,2002,2Story,200000
NWAmes,6,Attchd,11475,1975,2Story,179900
NAmes,4,Detchd,10500,1971,1Story,97000
NridgHt,10,Attchd,13472,2003,1Story,386250
BrDale,5,Detchd,1680,1971,2Story,112000
NoRidge,7,Attchd,9950,1995,2Story,290000
BrDale,6,Detchd,1869,1970,2Story,106000
Sawyer,5,Detchd,8521,1967,1Story,125000
Blmngtn,7,Attchd,3182,2005,1Story,192500
NAmes,6,Attchd,8760,1959,1Story,148000
NoRidge,8,Attchd,15138,1995,2Story,403000
BrDale,6,Attchd,1680,1972,2Story,94500
CollgCr,5,Attchd,10650,1976,1Story,128200
Gilbert,6,BuiltIn,7851,2002,2Story,216500
BrDale,6,Detchd,1680,1971,2Story,89500
CollgCr,7,Attchd,8773,2004,1Story,185500
SawyerW,7,Attchd,9453,1993,2Story,194500
NridgHt,8,Attchd,12030,2007,1Story,318000
Edwards,6,Detchd,8741,1945,1.5Fin,113000
Somerst,8,Attchd,9000,2008,1Story,262500
OldTown,5,NA,3880,1945,1Story,110500
OldTown,5,Attchd,5000,1900,1.5Fin,79000
SawyerW,6,Attchd,10762,1980,2Story,120000
SawyerW,7,Attchd,8880,1994,2Story,205000
NWAmes,7,Attchd,10400,1988,1Story,241500
OldTown,6,Detchd,9142,1910,2Story,137000
NAmes,6,Attchd,11310,1954,1Story,140000
CollgCr,7,Attchd,11317,2003,2Story,180000

BrkSide,3,NA,5350,1940,1Story,76500
Crawfor,8,Attchd,4750,2006,1Story,235000
SawyerW,6,Attchd,8366,2004,2Story,173000
NAmes,6,Attchd,9350,1964,SLvl,158000
NAmes,5,Attchd,8400,1957,1Story,145000
Gilbert,7,BuiltIn,8738,1999,2Story,230000
Somerst,6,Attchd,8791,2003,2Story,207500
CollgCr,7,Attchd,8814,2006,1Story,220000
CollgCr,7,Attchd,12435,2001,2Story,231500
OldTown,5,Detchd,12702,1956,1Story,97000
NAmes,6,Attchd,19296,1962,SLvl,176000
CollgCr,8,BuiltIn,9588,2007,2Story,276000
Sawyer,6,Attchd,8471,1977,SLvl,151000
OldTown,5,Detchd,5500,1929,1.5Fin,130000
OldTown,5,Detchd,5232,1925,1Story,73000
NWAmes,6,Attchd,12090,1981,1Story,175500
Gilbert,6,Attchd,11207,1997,2Story,185000
SWISU,5,Detchd,8400,1939,2.5Fin,179500
IDOTRR,5,Detchd,6900,1940,1Story,120500
Edwards,6,Attchd,7917,1976,1Story,148000
Somerst,8,Attchd,10728,2006,2Story,266000
ClearCr,7,Attchd,39104,1954,1Story,241500
NoRidge,8,Attchd,11764,1999,2Story,290000
NAmes,6,Attchd,9600,1958,1Story,139000
Mitchel,5,Attchd,8314,1982,1Story,124500
BrkSide,7,Detchd,7264,1925,1.5Fin,205000
Mitchel,7,Attchd,9196,2003,1Story,201000
Gilbert,4,Detchd,19138,1951,1Story,141000
NridgHt,9,Attchd,14450,2006,1Story,415298
ClearCr,7,Attchd,10005,1977,2Story,192000
SawyerW,7,Attchd,11287,1989,2Story,228500
Somerst,6,Attchd,7200,2006,1Story,185000
NridgHt,7,Attchd,5063,2007,1Story,207500
Somerst,8,Attchd,9612,2008,1Story,244600
SawyerW,6,Attchd,8012,1992,1Story,179200
Somerst,7,Detchd,4251,2006,2Story,164700
NAmes,6,Attchd,9786,1962,1.5Fin,159000
NAmes,4,NA,8125,1971,1Story,88000
Sawyer,5,Detchd,9819,1967,1Story,122000
BrkSide,6,Detchd,8730,1915,2Story,153575
CollgCr,8,Attchd,15611,2006,2Story,233230
SWISU,5,NA,5687,1912,2Story,135900
Edwards,5,Attchd,11409,1949,1.5Fin,131000
NWAmes,7,Attchd,16659,1977,2Story,235000
NAmes,6,Attchd,9600,1953,1Story,167000
Mitchel,6,Detchd,7937,1984,SLvl,142500
IDOTRR,5,Attchd,13710,1950,1.5Fin,152000
Somerst,7,Detchd,7399,1997,2Story,239000
NWAmes,6,Attchd,11700,1968,2Story,175000
Crawfor,6,Attchd,14000,1950,1Story,158500
Crawfor,5,Attchd,15750,1953,1Story,157000
CollgCr,8,BuiltIn,16226,1998,2Story,267000
CollgCr,7,Attchd,13704,2001,1Story,205000
CollgCr,5,Attchd,9800,1972,1Story,149900
OldTown,7,Attchd,18386,1880,2.5Fin,295000
CollgCr,8,Attchd,10386,2004,1Story,305900
SawyerW,7,Attchd,13474,1990,2Story,225000
IDOTRR,6,NA,7920,1920,1.5Fin,89500
Edwards,4,Detchd,12342,1940,1Story,82500
NridgHt,9,Attchd,12378,2003,1Story,360000
Gilbert,6,Attchd,7685,1993,2Story,165600
NAmes,6,Detchd,8000,1948,1Story,132000
OldTown,5,Detchd,7800,1939,1.5Fin,119900

OldTown,7,Detchd,9600,1925,2Story,178000
Gilbert,7,Attchd,7795,2004,2Story,188500
NWAmes,7,Attchd,13005,1980,2Story,260000
Somerst,8,Attchd,9000,2006,2Story,270000
NoRidge,7,Attchd,9900,1993,2Story,260000
NWAmes,7,Attchd,14115,1980,SLvl,187500
NridgHt,9,Attchd,16259,2006,2Story,342643
NridgHt,8,BuiltIn,12099,2004,2Story,354000
SawyerW,7,Attchd,10380,1986,2Story,301000
OldTown,3,Attchd,5820,1955,1Story,126175
NAmes,7,BuiltIn,11275,1967,SLvl,242000
IDOTRR,5,Detchd,5000,1941,1.5Unf,87000
Veenker,8,Attchd,10846,1993,1Story,324000
NAmes,6,Attchd,11600,1960,1Story,145250
BrkSide,6,Detchd,11888,1916,2.5Unf,214500
IDOTRR,5,Detchd,6402,1920,2Story,78000
NAmes,5,Detchd,10624,1964,1Story,119000
NAmes,5,Attchd,8176,1958,1Story,139000
NridgHt,8,Attchd,10655,2003,1Story,284000
NridgHt,7,Attchd,8198,2004,1Story,207000
Gilbert,6,Attchd,9042,1998,2Story,192000

StoneBr,9,Attchd,14157,2005,1Story,377426
CollgCr,7,Attchd,9135,2002,1Story,214000
NWAmes,7,Attchd,14145,1984,1Story,202500
NAmes,6,Attchd,12400,1958,1Story,155000
Timber,8,Attchd,14191,2002,2Story,202900
SawyerW,4,CarPort,8400,1950,1Story,82000
NAmes,3,Detchd,8544,1949,1Story,87500
NridgHt,9,Attchd,8849,2005,1Story,266000
MeadowV,5,Attchd,2592,1976,2Story,85000
BrkSide,6,Detchd,6435,1939,1.5Fin,140200
NAmes,6,Attchd,12772,1960,1Story,151500
NAmes,6,Attchd,17600,1960,1Story,157500
NridgHt,7,BuiltIn,2448,2003,2Story,154000
NridgHt,9,Attchd,20431,2005,2Story,437154
NridgHt,9,Attchd,7820,2007,1Story,318061
ClearCr,7,Attchd,5271,1986,1Story,190000
Edwards,5,Detchd,9084,1941,1.5Fin,95000
OldTown,6,Detchd,8520,1928,1Story,105900
SWISU,6,Attchd,8400,1940,1.5Fin,140000
CollgCr,6,Attchd,11249,1995,1Story,177500
Gilbert,6,Attchd,9248,1992,1Story,173000
MeadowV,5,Attchd,4224,1976,1Story,134000
ClearCr,5,BuiltIn,6930,1958,SLvl,130000
NoRidge,8,Attchd,12011,1998,2Story,280000
Mitchel,6,Attchd,7540,1978,SFoyer,156000
BrkSide,5,Detchd,9144,1940,1.5Fin,145000
Edwards,7,BuiltIn,7301,2003,SFoyer,198500
BrDale,6,Detchd,1680,1972,2Story,118000
NWAmes,6,Attchd,18800,1976,2Story,190000
IDOTRR,5,Detchd,10690,1920,2Story,147000
NAmes,6,Attchd,9500,1963,1Story,159000
NAmes,6,Basment,9150,1962,SLvl,165000
NAmes,5,Attchd,7800,1954,1Story,132000
NAmes,5,Detchd,9830,1959,1Story,162000
Gilbert,6,Attchd,8121,2000,2Story,172400
ClearCr,4,Detchd,17120,1959,1.5Fin,134432
SawyerW,6,Attchd,7175,1984,1Story,125000
NAmes,5,Attchd,10634,1953,1Story,123000
CollgCr,7,BuiltIn,8200,2003,2Story,219500
Edwards,1,NA,10020,1922,1Story,61000
CollgCr,5,Detchd,8846,1996,SFoyer,148000
Somerst,8,Attchd,11143,2004,2Story,340000
StoneBr,9,Attchd,11394,2010,1Story,394432
Gilbert,6,Attchd,8123,2000,2Story,179000
SWISU,5,Detchd,5000,1924,1.5Fin,127000
Somerst,7,Attchd,7200,2006,1Story,187750
CollgCr,7,Attchd,9245,2006,2Story,213500
SawyerW,6,Detchd,9000,1928,1.5Unf,76000
ClearCr,6,Attchd,53107,1992,2Story,240000
Blmngtn,8,Attchd,3182,2004,1Story,192000
Edwards,5,NA,8410,1910,1.5Fin,81000
Edwards,6,Detchd,7200,1976,SLvl,125000
CollgCr,7,Attchd,9382,1999,1Story,191000
NridgHt,10,BuiltIn,12474,2007,2Story,426000
Edwards,5,Detchd,8405,1900,1.5Fin,119000
Mitchel,6,BuiltIn,12209,2001,2Story,215000
NAmes,5,Attchd,8339,1959,1Story,106500
BrkSide,4,NA,7446,1941,1Story,100000
OldTown,5,Detchd,10134,1940,1.5Fin,109000
Edwards,5,Attchd,9571,1956,1Story,129000
CollgCr,5,Detchd,7200,1972,1Story,123000
NAmes,5,Attchd,7590,1962,2Story,169500
IDOTRR,5,Detchd,8967,1920,1Story,67000
Somerst,7,Attchd,8125,2006,2Story,241000
Veenker,8,Attchd,14963,1996,1Story,245500
CollgCr,7,Attchd,8767,2005,1Story,164990
Sawyer,5,Detchd,10200,1940,1Story,108000
NoRidge,8,BuiltIn,12090,1998,2Story,258000
Gilbert,6,BuiltIn,10364,1995,2Story,168000
Sawyer,4,Attchd,9991,1976,1Story,150000
SWISU,6,Detchd,10480,1936,1.5Fin,115000
Crawfor,6,Attchd,15576,1915,2Story,177000
NridgHt,7,Attchd,14154,2006,2Story,280000
Somerst,8,Attchd,10800,2007,2Story,339750
Edwards,5,Attchd,9571,1958,1Story,60000
Gilbert,5,Attchd,34650,1955,1Story,145000
Somerst,7,Attchd,4403,2009,1Story,222000
OldTown,5,Detchd,8960,1927,1Story,115000
SawyerW,7,Attchd,11228,1993,2Story,228000
Gilbert,7,Attchd,8899,2007,1Story,181134
Sawyer,6,Attchd,7844,1978,2Story,149500
Crawfor,6,Detchd,22420,1918,2Story,239000
Edwards,5,Detchd,8160,1940,1.5Fin,126000
NAmes,5,Attchd,8450,1968,1Story,142000
Mitchel,7,Attchd,7060,1997,SFoyer,206300
NWAmes,6,Attchd,16635,1977,1Story,215000
Mitchel,5,Attchd,21750,1954,1Story,113000
NoRidge,8,Attchd,9200,1998,2Story,315000
NAmes,6,Attchd,9000,1956,1Story,139000
OldTown,7,Detchd,3378,1946,2Story,135000
SawyerW,7,Attchd,12800,1989,SLvl,275000
NAmes,4,Detchd,8593,1957,1Story,109008
CollgCr,7,Attchd,6762,2007,1Story,195400
Timber,6,Attchd,11457,1988,1Story,175000
BrDale,6,Detchd,1680,1971,2Story,85400
OldTown,6,NA,5586,1920,1.5Fin,79900
BrDale,5,Detchd,1920,1971,2Story,122500
Gilbert,6,Attchd,10839,1997,2Story,181000
MeadowV,4,NA,1890,1972,SFoyer,81000
CollgCr,7,Attchd,10667,1996,2Story,212000
OldTown,6,Detchd,4400,1920,1.5Fin,116000
BrkSide,6,Detchd,6000,1926,1.5Unf,119000
Crawfor,5,Detchd,4280,1913,1Story,90350
Edwards,6,Detchd,12354,1920,1.5Fin,110000
NridgHt,10,Attchd,15431,2008,1Story,555000
Edwards,4,NA,12108,1955,1Story,118000
BrkSide,5,Detchd,6240,1930,1.5Fin,162900
Blmngtn,7,Attchd,3922,2006,1Story,172500
CollgCr,7,Attchd,8750,1994,2Story,210000
Edwards,6,Attchd,9855,1956,1Story,127500
NAmes,6,Attchd,16492,1966,1Story,190000
Gilbert,7,Attchd,11214,1998,2Story,199900
IDOTRR,6,Detchd,8600,1937,1.5Fin,119500
OldTown,3,Detchd,6000,1948,1.5Fin,120000
OldTown,6,Detchd,5684,1930,1Story,110000
ClearCr,7,Attchd,70761,1975,1Story,280000
Timber,6,Attchd,9303,1996,2Story,204000
Somerst,8,Attchd,9000,2008,2Story,210000
Mitchel,5,Detchd,9297,1976,1Story,188000
NWAmes,7,Attchd,9600,1973,1Story,175500
OldTown,5,Detchd,4571,1916,2Story,98000
ClearCr,4,Attchd,53227,1954,1Story,256000
OldTown,8,Detchd,5100,1925,2Story,161000
BrkSide,5,Detchd,7015,1950,1.5Fin,110000
Somerst,8,BuiltIn,8004,2009,2Story,263435
SWISU,7,Detchd,7200,1936,2Story,155000
Sawyer,5,Detchd,8281,1965,1Story,62383
Crawfor,6,Detchd,11988,1934,2Story,188700
CollgCr,5,NA,8430,1978,1Story,124000
Blmngtn,7,Attchd,3072,2004,1Story,178740
NAmes,7,Attchd,10628,1970,1Story,167000
NAmes,5,Attchd,9480,1942,2Story,146500
NridgHt,8,Attchd,11428,2006,1Story,250000
SawyerW,6,Attchd,9291,1993,2Story,187000
StoneBr,8,Attchd,6820,1985,1Story,212000
NWAmes,7,Attchd,11952,1977,2Story,190000
Edwards,6,Basment,3675,2005,SLvl,148000
NridgHt,8,Attchd,14977,2006,1Story,440000
StoneBr,8,Attchd,5330,2000,1Story,251000
Sawyer,5,Detchd,8480,1963,1Story,132500
CollgCr,6,Attchd,13125,1997,1Story,208900
NridgHt,9,BuiltIn,13693,2006,2Story,380000
CollgCr,8,Attchd,10637,2007,1Story,297000
OldTown,4,Detchd,5925,1937,1Story,89471
NridgHt,9,Attchd,16033,2004,1Story,326000
NridgHt,9,Attchd,11846,2003,1Story,374000
OldTown,7,Attchd,2500,1915,2Story,155000
Mitchel,6,Attchd,4500,1998,1Story,164000
Sawyer,5,Detchd,7758,1962,1Story,132500
NAmes,5,Attchd,9600,1950,1Story,147000
NAmes,5,Attchd,10289,1965,1Story,156000
NWAmes,5,Attchd,12243,1971,1Story,175000
OldTown,5,Attchd,10800,1900,1.5Fin,160000
MeadowV,4,Attchd,1526,1970,SFoyer,86000
MeadowV,5,BuiltIn,2665,1976,2Story,115000
NAmes,6,Attchd,9490,1941,1.5Fin,133000
Gilbert,6,Attchd,15578,2006,2Story,172785
NAmes,5,Detchd,7931,1960,1Story,155000
OldTown,5,Attchd,5784,1938,1Story,91300
IDOTRR,4,NA,7879,1920,1Story,34900
NoRidge,8,Attchd,12692,1992,1Story,430000
BrkSide,7,Detchd,9120,1925,1.5Fin,184000
Sawyer,5,Attchd,7800,1967,1Story,130000
NAmes,5,Attchd,7535,1958,1Story,120000
BrDale,6,Detchd,1890,1973,2Story,113000
Somerst,7,Attchd,9803,2005,2Story,226700
Edwards,5,Detchd,9170,1965,1Story,140000
Crawfor,7,Attchd,15602,1959,1Story,289000
NPkVill,6,Attchd,2308,1974,2Story,147000
OldTown,5,Detchd,7596,1952,2Story,124500
SawyerW,8,Attchd,9554,1993,2Story,215000
Somerst,6,Attchd,7862,2009,1Story,208300
OldTown,7,Detchd,9600,1928,2Story,161000
NAmes,5,Attchd,9600,1959,1Story,124500
NAmes,5,CarPort,14559,1951,1Story,164900
NridgHt,7,Attchd,6792,2005,1Story,202665
NAmes,5,Detchd,9100,1958,1Story,129900
Mitchel,6,Attchd,9187,1983,1Story,134000
Crawfor,5,Detchd,10594,1926,1.5Unf,96500
NridgHt,10,Attchd,12220,2009,1Story,402861
NWAmes,6,Attchd,10448,1972,SLvl,158000
NoRidge,7,Attchd,10208,1996,2Story,265000
CollgCr,6,Attchd,9531,1998,2Story,211000
Crawfor,7,Detchd,10918,1926,2Story,234000
OldTown,4,NA,10800,1900,2Story,106250
NAmes,6,Attchd,11988,1957,1Story,150000
BrkSide,6,Detchd,5000,1947,1.5Fin,159000
Edwards,10,BuiltIn,40094,2007,2Story,184750
NoRidge,7,Attchd,11787,1996,2Story,315750
Somerst,7,Attchd,7500,2005,1Story,176000
NAmes,5,Attchd,13300,1956,1Story,132000
NridgHt,9,Attchd,14948,2008,2Story,446261
Edwards,4,NA,9098,1920,1Story,86000
Crawfor,6,Attchd,32668,1957,1Story,200624
Timber,6,Attchd,10200,1988,SLvl,175000
BrkSide,6,Detchd,6155,1920,2Story,128000
NAmes,5,Detchd,7200,1955,1Story,107500
BrkSide,1,NA,5000,1946,1Story,39300
Gilbert,8,Attchd,9056,2004,2Story,178000
Edwards,5,NA,7000,1910,2Story,107500
CollgCr,7,Attchd,8924,1998,2Story,188000
NAmes,4,Detchd,12735,1972,1Story,111250
Sawyer,5,Attchd,11553,1968,1Story,158000
CollgCr,8,Attchd,11423,2001,1Story,272000
Timber,9,Attchd,14601,2006,1Story,315000
NoRidge,8,BuiltIn,11000,2000,2Story,248000
NWAmes,7,Attchd,10140,1998,1Story,213250
NAmes,7,Attchd,4058,1998,SFoyer,133000
Gilbert,7,Attchd,17104,2006,2Story,179665
NWAmes,7,Attchd,13837,1988,1.5Fin,229000
BrkSide,6,Detchd,8737,1923,1.5Fin,210000
Mitchel,5,Detchd,7244,1970,SFoyer,129500
OldTown,5,Detchd,8235,1955,1Story,125000
Somerst,7,BuiltIn,9375,2003,2Story,263000
NPkVill,6,Attchd,4043,1977,1Story,140000
OldTown,5,Attchd,6000,1957,1Story,112500
NridgHt,8,Attchd,11146,2006,1Story,255500
Edwards,4,Detchd,8777,1949,1Story,108000
NridgHt,7,BuiltIn,10625,2003,2Story,284000
BrkSide,5,Detchd,6380,1922,1.5Unf,113000
NAmes,5,Attchd,14850,1957,1Story,141000
IDOTRR,4,CarPort,11040,1920,1.5Fin,108000
Gilbert,7,Attchd,21872,1996,2Story,175000
Blmngtn,7,Attchd,3196,2003,1Story,234000
Sawyer,5,Detchd,11341,1957,1Story,121500
Mitchel,5,Attchd,10010,1974,1Story,170000
Edwards,5,NA,13907,1940,1Story,108000
Edwards,6,Detchd,21780,1918,1.5Fin,185000
NoRidge,7,Attchd,13346,1992,2Story,268000
SWISU,6,Detchd,6858,1915,2Story,128000
StoneBr,9,BuiltIn,11198,2005,2Story,325000
NridgHt,7,Attchd,10171,2004,1Story,214000
SawyerW,8,BuiltIn,12327,1983,1.5Fin,316600
NAmes,5,Detchd,7032,1979,SFoyer,135960
NAmes,5,Detchd,13101,1965,1Story,142600
NAmes,6,Attchd,7332,1959,1Story,120000
Timber,7,Attchd,13159,2009,2Story,224500
Gilbert,7,BuiltIn,9967,2000,SLvl,170000
NAmes,5,BuiltIn,10500,1971,SLvl,139000
NAmes,5,Detchd,8480,1947,1.5Fin,118500
SWISU,7,Detchd,6292,1928,1.5Fin,145000
Sawyer,5,Attchd,11777,1966,SLvl,164500
Somerst,7,Detchd,3604,2007,2Story,146000
OldTown,5,Attchd,12150,1954,1.5Fin,131500
NAmes,6,Attchd,14585,1960,1Story,181900
NridgHt,8,Attchd,12704,2008,1Story,253293
Edwards,6,NA,11841,1990,SFoyer,118500
OldTown,10,Detchd,13500,1893,2.5Unf,325000
BrkSide,4,Detchd,6120,1935,1.5Fin,133000
Timber,8,Attchd,11443,2005,1Story,369900
BrkSide,6,Detchd,10267,1918,1Story,130000
Sawyer,5,Detchd,8740,1982,SFoyer,137000
ClearCr,5,Attchd,25095,1968,1Story,143000
BrkSide,5,Detchd,9100,1930,1Story,79500
CollgCr,7,Attchd,8320,2004,2Story,185900
NridgHt,10,BuiltIn,13478,2008,2Story,451950
Mitchel,5,Detchd,6600,1982,1Story,138000
CollgCr,6,Attchd,4435,2003,1Story,140000
CollgCr,5,Detchd,7990,1975,1Story,110000
StoneBr,8,Attchd,11302,2005,1Story,319000
OldTown,6,Detchd,3600,1910,2Story,114504
Blmngtn,7,Attchd,3922,2006,1Story,194201
Crawfor,5,Attchd,12984,1977,1Story,217500
Blueste,6,Attchd,1950,1980,2Story,151000
NridgHt,8,BuiltIn,10927,2005,2Story,275000
IDOTRR,6,Detchd,9000,1937,1.5Fin,141000
SawyerW,8,Attchd,10041,1992,2Story,220000
Somerst,7,Detchd,3182,2004,2Story,151000
CollgCr,7,Attchd,12803,2002,1Story,221000
NAmes,7,Attchd,13600,1965,2Story,205000
CollgCr,5,Detchd,12464,1996,1Story,152000
Edwards,5,Attchd,7800,1948,2Story,225000
Crawfor,8,Basment,12168,1934,2Story,359100
Sawyer,4,Attchd,7943,1961,1Story,118500
CollgCr,9,Attchd,11050,2000,2Story,313000
NWAmes,6,Attchd,10395,1978,SLvl,148000
CollgCr,8,BuiltIn,11885,2001,2Story,261500
Mitchel,5,NA,8402,2007,1Story,147000
MeadowV,4,NA,1491,1972,SFoyer,75500
NAmes,6,Attchd,8800,1963,SFoyer,137500
Gilbert,6,Attchd,7861,2002,2Story,183200
NAmes,6,Detchd,7227,1954,1.5Unf,105500
NridgHt,9,Attchd,11694,2007,1Story,314813
Timber,8,Attchd,12244,2003,2Story,305000
Edwards,3,NA,8248,1914,1Story,67000
NWAmes,6,Attchd,10800,1974,2Story,240000
Sawyer,5,Detchd,7064,1977,1Story,135000
Somerst,6,Detchd,2117,2000,2Story,168500
NWAmes,6,Attchd,10400,1972,2Story,165150
NAmes,6,Attchd,10000,1962,1Story,160000
NAmes,5,Attchd,12342,1960,1Story,139900
NAmes,6,Basment,9600,1955,SLvl,153000
NAmes,5,Attchd,11606,1969,2Story,135000
NAmes,6,Attchd,9020,1964,SLvl,168500
OldTown,5,Detchd,9000,1880,2Story,124000
NridgHt,8,Attchd,4590,2006,1Story,209500
NWAmes,7,Attchd,11900,1977,1Story,82500
NAmes,5,Attchd,9250,1954,1Story,139400
OldTown,6,Detchd,6979,1980,SFoyer,144000
SWISU,6,NA,10896,1914,2.5Fin,200000
BrkSide,2,NA,6120,1936,1Story,60000
OldTown,5,BuiltIn,6000,1954,1.5Fin,93000
Edwards,5,NA,8777,1910,1Story,85000
Blmngtn,8,Attchd,3982,2006,1Story,264561
NridgHt,8,Attchd,12677,2003,1Story,274000
Somerst,7,Attchd,7050,2001,2Story,226000
NAmes,8,Attchd,13860,1972,SLvl,345000
NWAmes,5,Attchd,10793,1969,2Story,152000
Somerst,9,Attchd,9187,2009,1Story,370878
NAmes,6,Detchd,10530,1971,1Story,143250
NAmes,5,Detchd,7200,1950,1Story,98300
Edwards,6,Attchd,10452,1953,1Story,155000
NAmes,6,Attchd,7700,1966,2Story,155000
MeadowV,4,NA,1936,1970,SFoyer,84500
Somerst,7,Attchd,8125,2007,2Story,205950
Edwards,4,Detchd,9084,1940,2Story,108000
CollgCr,7,Attchd,8750,1996,2Story,191000
IDOTRR,6,Detchd,10320,1906,1.5Fin,135000
NoRidge,8,Attchd,10437,1995,1Story,350000
BrDale,6,Detchd,1680,1971,2Story,88000
NAmes,5,Attchd,10007,1959,1Story,145500
Crawfor,7,Attchd,7200,1931,2Story,149000
NAmes,6,Attchd,17503,1948,1.5Fin,97500
Edwards,5,Detchd,9937,1964,1Story,167000
NWAmes,7,Attchd,12384,1976,2Story,197900
NoRidge,8,Attchd,46589,1994,2Story,402000
NAmes,6,Attchd,13560,1968,1Story,110000
Edwards,4,Detchd,10012,1972,SFoyer,137500
Somerst,8,Attchd,20896,2005,1Story,423000
Gilbert,8,Attchd,11194,2000,2Story,230500
NAmes,6,CarPort,18450,1965,2Story,129000
SawyerW,6,Attchd,8125,1994,1Story,193500
Sawyer,5,Detchd,14175,1956,1Story,168000
Crawfor,4,Detchd,11600,1922,1Story,137500
CollgCr,6,Attchd,8633,2005,2Story,173500
Edwards,6,Detchd,6629,1925,2Story,103600
Veenker,6,Attchd,11250,1977,1Story,165000
Crawfor,6,Attchd,14442,1957,1Story,257500
NAmes,6,Attchd,9200,1965,1Story,140000
NPkVill,6,Attchd,2289,1978,2Story,148500
OldTown,4,2Types,9600,1900,2Story,87000
OldTown,5,Detchd,9022,1924,1Story,109500
StoneBr,8,Attchd,11844,2008,1Story,372500
Sawyer,5,Detchd,9945,1961,1Story,128500
SawyerW,6,Attchd,8012,1980,1Story,143000
SWISU,5,Detchd,4500,1932,1.5Fin,159434
ClearCr,6,Attchd,2887,1996,1Story,173000
CollgCr,9,Attchd,11248,2002,1Story,285000
NoRidge,7,Attchd,16770,1998,2Story,221000
StoneBr,7,Attchd,5062,1984,2Story,207500
Somerst,7,Attchd,10207,2007,2Story,227875
Somerst,7,Detchd,5105,2004,2Story,148800
StoneBr,8,Attchd,8089,2007,1Story,392000
NridgHt,6,Attchd,7577,2005,1Story,194700
CollgCr,6,Attchd,4426,2004,1Story,141000

Timber,7,Attchd,26178,1989,2Story,335000
OldTown,5,Detchd,5400,1921,1Story,108480
BrkSide,5,Detchd,6120,1936,1.5Fin,141500
Timber,6,Attchd,13811,1987,1Story,176000
BrkSide,5,Detchd,6000,1921,1Story,89000
Edwards,5,Detchd,6420,1952,1Story,123500
Sawyer,5,Detchd,8450,1965,1Story,138500
Somerst,7,Attchd,4282,2004,1Story,196000
Timber,8,Attchd,14331,2002,1Story,312500
NWAmes,7,Attchd,9600,1969,1Story,140000
StoneBr,8,BuiltIn,12438,2006,2Story,361919
OldTown,5,Detchd,7630,1900,2Story,140000
CollgCr,7,Attchd,8400,2004,1Story,213000
IDOTRR,4,NA,5600,1930,2Story,55000
ClearCr,7,Attchd,115149,1971,1Story,302000
NridgHt,8,Attchd,6240,2006,1Story,254000
Gilbert,7,Attchd,9018,2007,2Story,179540
Sawyer,5,Attchd,7162,1966,1Story,109900
BrkSide,3,NA,4130,1935,1Story,52000
IDOTRR,4,Detchd,8712,1900,1.5Fin,102776
StoneBr,8,Attchd,4671,1988,1Story,189000
BrkSide,4,Detchd,9873,1970,1Story,129000
Sawyer,6,Attchd,13517,1976,2Story,130500
NWAmes,6,Attchd,10140,1974,1Story,165000
OldTown,7,Detchd,10800,1890,2Story,159500
NWAmes,5,Attchd,10000,1973,1Story,157000
NoRidge,7,Attchd,10542,1993,2Story,341000
CollgCr,5,Attchd,9920,1969,1Story,128500
StoneBr,8,Attchd,6563,1985,1Story,275000
CollgCr,6,Attchd,4426,2004,1Story,143000
NAmes,4,Detchd,8120,1970,1Story,124500
Edwards,4,Detchd,8172,1954,1.5Fin,135000
Edwards,9,Attchd,13286,2007,1Story,320000
NAmes,4,Detchd,6960,1970,1Story,120500
Crawfor,6,Attchd,21695,1988,1Story,222000
CollgCr,7,Attchd,7314,2007,1Story,194500
NAmes,5,Detchd,11475,1958,1Story,110000
IDOTRR,4,Detchd,6240,1925,1.5Fin,103000
StoneBr,8,Attchd,5389,1995,1Story,236500
Timber,7,Attchd,9590,2003,SLvl,187500
CollgCr,7,Attchd,11404,1998,2Story,222500
Sawyer,5,Attchd,10000,1961,1Story,131400
Sawyer,5,Attchd,8978,1968,1Story,108000
OldTown,7,Detchd,10800,1914,2.5Unf,163000
NAmes,3,Detchd,8544,1950,1Story,93500
Gilbert,8,Attchd,10463,2005,2Story,239900
Edwards,5,NA,10800,1987,1Story,179000
CollgCr,7,Attchd,9313,2004,2Story,190000
OldTown,5,Detchd,9600,1910,2Story,132000
Sawyer,6,Detchd,6768,1961,1Story,142000
SawyerW,7,Attchd,8450,2000,1Story,179000
Sawyer,5,Attchd,12886,1963,SLvl,175000
StoneBr,8,Attchd,5395,1993,1Story,180000
NWAmes,8,BuiltIn,8963,1976,2Story,299800
Gilbert,7,BuiltIn,8795,2000,2Story,236000
OldTown,7,Detchd,11700,1880,2Story,265979
NoRidge,7,Attchd,10593,1996,1Story,260400
Edwards,4,Detchd,8405,1945,1.5Fin,98000
OldTown,4,NA,8800,1910,1.5Fin,96500
Gilbert,7,Attchd,7750,2003,2Story,162000
CollgCr,6,Attchd,9236,1997,1Story,217000
NridgHt,8,Attchd,10240,2005,2Story,275500
NAmes,6,Detchd,7930,1969,1Story,156000
Somerst,6,Detchd,3230,1999,2Story,172500
CollgCr,8,Attchd,10769,2007,2Story,212000
Sawyer,6,Attchd,11616,1978,2Story,158900
Somerst,7,Detchd,2280,1999,2Story,179400
NoRidge,8,Attchd,12257,1995,2Story,290000
NAmes,6,Detchd,9100,1959,1Story,127500
BrkSide,5,Detchd,6911,1924,1Story,100000
Somerst,7,Attchd,8640,2009,2Story,215200
NoRidge,8,Attchd,9430,1999,2Story,337000
Veenker,8,Attchd,9549,1995,1Story,270000
Somerst,9,Attchd,14587,2008,1Story,264132
NWAmes,7,Attchd,10421,1988,2Story,196500
Mitchel,6,Attchd,12508,1940,1.5Fin,160000
CollgCr,7,Attchd,9100,2004,1Story,216837
StoneBr,8,BuiltIn,53504,2003,2Story,538000
Sawyer,5,Detchd,7252,1982,SFoyer,134900
Edwards,4,Detchd,8877,1951,1Story,102000
Edwards,6,Detchd,7819,1976,SLvl,107000
NAmes,5,Attchd,10150,1958,1Story,114500
NridgHt,8,Attchd,14226,2006,1Story,395000
Mitchel,6,Attchd,4500,1998,1Story,162000
CollgCr,7,Attchd,11210,2005,1Story,221500
Sawyer,5,Attchd,13350,1974,1Story,142500
SawyerW,5,Detchd,8400,1977,1Story,144000
Mitchel,6,Attchd,10530,1977,SFoyer,135000
Gilbert,7,Attchd,7875,1995,1Story,176000
SawyerW,6,Attchd,7153,1992,2Story,175900
CollgCr,7,Attchd,16285,2001,1Story,187100
Mitchel,5,Attchd,9101,1978,SFoyer,165500
OldTown,6,NA,6300,1914,2.5Unf,128000
NWAmes,6,Attchd,9790,1967,1Story,161500
OldTown,5,Detchd,10800,1915,1.5Fin,139000
SawyerW,7,BuiltIn,10142,2004,2Story,233000
OldTown,4,Detchd,6000,1954,1Story,107900
ClearCr,6,Attchd,12205,1966,2Story,187500
Blmngtn,7,Attchd,3182,2005,1Story,160200
Mitchel,6,Attchd,11333,1976,SLvl,146800
NoRidge,7,Attchd,9920,1996,2Story,269790
Somerst,8,Attchd,9158,2007,1Story,225000
Gilbert,7,Attchd,10832,1994,2Story,194500
SawyerW,6,Attchd,8400,1980,2Story,171000
Sawyer,6,Attchd,8197,1977,1Story,143500
NAmes,5,Attchd,7677,1953,1Story,110000
NridgHt,9,BuiltIn,13518,2008,2Story,485000
SWISU,5,Detchd,7200,1937,1.5Fin,175000
ClearCr,6,Attchd,12798,1997,2Story,200000
IDOTRR,4,Detchd,4800,1916,1Story,109900
CollgCr,7,Attchd,8199,2005,2Story,189000
NridgHt,9,BuiltIn,13891,2008,2Story,582933
NAmes,5,Attchd,9000,1954,1Story,118000
Somerst,7,Attchd,12274,2008,1Story,227680
NAmes,5,Attchd,9750,1967,SLvl,135500
BrkSide,5,Attchd,21384,1923,2Story,223500
NAmes,5,Attchd,13400,1966,SLvl,159950
OldTown,5,Detchd,8100,1898,2.5Unf,106000
NWAmes,6,Attchd,10140,1974,1Story,181000
CollgCr,6,Attchd,4438,2004,1Story,144500
IDOTRR,5,Basment,8712,1952,1Story,55993
NAmes,6,Attchd,9750,1958,1Story,157900
Edwards,5,Detchd,8248,1918,1.5Fin,116000
CollgCr,7,Attchd,12137,1998,1Story,224900
NAmes,5,Attchd,11425,1954,1Story,137000
Mitchel,8,Attchd,13265,2002,1Story,271000
ClearCr,6,Attchd,8816,1971,SLvl,155000
NridgHt,7,Attchd,6371,2009,1Story,224000
CollgCr,7,Attchd,7226,2003,2Story,183000
OldTown,4,Detchd,6000,1953,1Story,93000
Gilbert,7,BuiltIn,12394,2003,2Story,225000
SWISU,6,Detchd,9900,1940,1.5Fin,139500
Somerst,8,Attchd,11216,2006,1Story,232600
NridgHt,10,Attchd,14803,2007,1Story,385000
BrkSide,5,NA,6130,1924,1.5Unf,109500
SawyerW,7,Attchd,8529,2001,1Story,189000
ClearCr,5,Attchd,28698,1967,2Story,185000
Somerst,7,Detchd,2544,2005,2Story,147400
NAmes,6,Attchd,11900,1957,1Story,166000
Somerst,7,Detchd,3180,2005,2Story,151000
CollgCr,7,Attchd,9548,2003,2Story,237000
NAmes,6,Attchd,10004,1964,1Story,167000
NAmes,5,Attchd,7875,1961,1Story,139950
Sawyer,4,Attchd,9600,1950,1Story,128000
OldTown,5,Detchd,8100,1948,1Story,153500
BrDale,6,Detchd,1680,1973,2Story,100000
CollgCr,5,Attchd,9525,1995,1Story,144000
Edwards,5,Detchd,11767,1946,1.5Fin,130500
SWISU,6,Detchd,12155,1925,2Story,140000
OldTown,5,Detchd,10440,1904,2Story,157500
NAmes,6,Attchd,9020,1966,SLvl,174900
NAmes,5,NA,8000,1961,1Story,141000
OldTown,5,Detchd,12665,1915,1.5Fin,153900
Sawyer,5,Basment,16647,1975,SFoyer,171000
SawyerW,7,Attchd,9317,1993,2Story,213000
CollgCr,5,Attchd,15523,1972,1Story,133500
ClearCr,6,Detchd,45600,1908,1.5Fin,240000
Veenker,6,Attchd,9600,1976,SLvl,187000
CollgCr,6,Attchd,4435,2003,1Story,131500
Blmngtn,8,Attchd,3196,2003,1Story,215000
Crawfor,7,Detchd,7128,1941,2.5Unf,164000
NAmes,6,Attchd,12095,1964,SLvl,158000
Sawyer,5,Attchd,17920,1955,1Story,170000
Sawyer,5,Detchd,6897,1962,1Story,127000
CollgCr,6,Detchd,10970,1978,SLvl,147000
Gilbert,6,Attchd,8125,1994,2Story,174000
NWAmes,7,Attchd,10400,1976,1Story,152000
NWAmes,6,Attchd,11029,1968,2Story,250000
Crawfor,7,Detchd,7642,1918,1.5Fin,189950
Sawyer,5,Attchd,11625,1965,1Story,131500
SawyerW,6,Attchd,9672,1984,1Story,152000
NAmes,5,Attchd,7931,1959,1Story,132500
Somerst,7,Attchd,8640,2007,1Story,250580
NAmes,5,Detchd,8750,1970,1Story,148500
Timber,8,Attchd,10656,2006,1Story,248900
Sawyer,4,Attchd,6970,1961,1Story,129000
Gilbert,5,Attchd,14762,1948,2Story,169000
SawyerW,7,Attchd,9938,1993,2Story,236000
NAmes,5,Detchd,6600,1962,1Story,109500
CollgCr,6,Attchd,8750,1998,2Story,200500
NAmes,5,Attchd,8892,1953,1Story,116000
NAmes,5,Attchd,12144,1949,1Story,133000
OldTown,5,Detchd,5720,1941,1.5Fin,66500
Somerst,8,BuiltIn,9000,2007,2Story,303477
Mitchel,4,Attchd,25286,1963,1Story,132250
NridgHt,9,Attchd,8834,2004,2Story,350000
Sawyer,5,Detchd,11782,1961,SFoyer,148000
CollgCr,5,Attchd,7000,1978,1Story,136500
Edwards,5,Attchd,7024,2005,1Story,157000
Timber,7,Attchd,13758,1990,1.5Fin,187500
Gilbert,6,BuiltIn,9636,1992,2Story,178000
SWISU,4,Detchd,6204,1912,2.5Fin,118500
NAmes,5,Attchd,7150,1967,1Story,100000
Somerst,9,Attchd,5119,1999,1Story,328900
NAmes,5,Attchd,8393,1959,1Story,145000
Edwards,5,Attchd,16466,1955,1.5Fin,135500
NAmes,8,Attchd,15865,1970,1Story,268000
NAmes,6,Attchd,12160,1953,1Story,149500
NAmes,5,Detchd,8064,1949,1.5Fin,122900
Sawyer,6,Attchd,11184,1978,2Story,172500
Sawyer,6,Attchd,8414,1963,1Story,154500
Sawyer,5,Attchd,13284,1954,1Story,165000
SawyerW,5,Attchd,7018,1979,1Story,118858
NAmes,6,Attchd,7056,1963,2Story,140000
IDOTRR,4,Detchd,8765,1936,1Story,106500
SawyerW,5,Detchd,7018,1979,2Story,142953

Sawyer,5,Attchd,6993,1961,1Story,135000
NAmes,4,Detchd,7340,1971,1Story,110000
NAmes,5,Detchd,8712,1957,1Story,153000
Gilbert,7,Attchd,7875,2003,2Story,180000
Gilbert,7,Attchd,14859,2006,1Story,240000
Sawyer,5,Attchd,6173,1967,1Story,125500
NAmes,5,Attchd,9920,1954,1Story,128000
Somerst,8,Attchd,13501,2006,1Story,255000
Crawfor,7,Attchd,11500,1936,1.5Fin,250000
Mitchel,5,Attchd,8885,1983,1Story,131000
Gilbert,6,Attchd,12589,2005,2Story,174000
NAmes,5,Detchd,11600,1960,2Story,154300
CollgCr,5,Detchd,9286,1977,1Story,143500
BrkSide,5,Detchd,6120,1925,1Story,88000
Crawfor,5,2Types,6270,1949,2Story,145000
Somerst,6,Detchd,3000,2009,2Story,173733
MeadowV,4,Attchd,2001,1970,2Story,75000
IDOTRR,2,Detchd,9000,1949,1Story,35311
Edwards,4,Attchd,17140,1956,1Story,135000
SawyerW,7,Attchd,13125,1991,2Story,238000
NAmes,6,Attchd,11029,1958,1Story,176500
SawyerW,6,Attchd,8462,1994,2Story,201000
Edwards,5,NA,8777,1900,1.5Fin,145900
Gilbert,6,Attchd,10237,2005,1Story,169990
SawyerW,6,Attchd,8012,1993,1Story,193000
NWAmes,6,Attchd,10240,1980,1Story,207500
NWAmes,5,Attchd,15611,1977,1Story,175000
NridgHt,8,BuiltIn,11999,2003,2Story,285000
NWAmes,7,Attchd,9900,1968,2Story,176000
CollgCr,8,Attchd,11838,2001,1Story,236500
Gilbert,7,BuiltIn,13006,1997,2Story,222000
Timber,8,Attchd,8925,2007,1Story,201000
NAmes,5,Detchd,9100,1965,1Story,117500
Somerst,9,Attchd,11670,2006,1Story,320000
CollgCr,7,Attchd,8487,2004,1Story,190000
NAmes,7,Attchd,27650,1960,1Story,242000
BrkSide,4,Detchd,5825,1926,1Story,79900
SawyerW,7,Attchd,10083,2003,1Story,184900
Somerst,7,Attchd,9675,2005,2Story,253000
CollgCr,7,Attchd,8760,2006,2Story,239799
ClearCr,7,Attchd,24090,1940,2Story,244400
Mitchel,6,Attchd,12640,1976,1Story,150900
Gilbert,7,BuiltIn,8755,1999,2Story,214000
Edwards,4,NA,7711,1977,1Story,150000
Mitchel,5,Attchd,25000,1967,1Story,143000
Timber,6,Basment,14375,1958,SLvl,137500
OldTown,5,Detchd,8820,1890,1.5Fin,124900
NAmes,5,Attchd,8163,1959,SLvl,143000
Timber,8,Attchd,14536,2002,1Story,270000
CollgCr,7,Attchd,14006,2002,2Story,192500
NWAmes,6,Attchd,9360,1972,1Story,197500
NAmes,5,Detchd,7200,1950,1Story,129000
SawyerW,5,Detchd,7800,1965,1Story,119900
CollgCr,5,Detchd,7200,1972,SFoyer,133900
Mitchel,5,Attchd,11075,1969,2Story,172000
Edwards,6,NA,9400,1975,SFoyer,127500
Crawfor,6,Attchd,7136,1946,2Story,145000
Blueste,6,Attchd,1300,1980,2Story,124000
Sawyer,5,Detchd,7420,1962,1Story,132000
CollgCr,7,Attchd,8450,2003,1Story,185000
Somerst,7,Detchd,2572,1999,2Story,155000
BrkSide,5,NA,7207,1958,1Story,116500
NWAmes,6,Attchd,12227,1977,2Story,272000
NPkVill,6,Detchd,2308,1976,2Story,155000
CollgCr,9,Attchd,11923,2007,1Story,239000
Timber,7,BuiltIn,11316,2002,2Story,214900
Gilbert,6,Attchd,10237,2005,2Story,178900
Crawfor,5,Detchd,9600,1940,1.5Fin,160000
NAmes,5,Attchd,7390,1955,1Story,135000
OldTown,3,NA,5925,1910,1.5Fin,37900
NAmes,6,Attchd,10382,1958,SLvl,140000
NAmes,4,NA,10800,1949,1.5Fin,135000
NridgHt,7,BuiltIn,2268,2003,2Story,173000
SawyerW,6,Attchd,7892,1979,1Story,99500
Somerst,7,Attchd,11639,2007,1Story,182000
BrkSide,7,Detchd,11414,1910,2Story,167500
Somerst,7,Detchd,2651,2000,2Story,165000
BrkSide,4,NA,5900,1923,1Story,85500
Somerst,7,Attchd,4274,2006,1Story,199900
Edwards,4,Detchd,9450,1954,1Story,110000
Sawyer,5,Detchd,8816,1963,1Story,139000
NAmes,7,Attchd,12122,1961,SFoyer,178400
NoRidge,8,Attchd,12203,1998,2Story,336000
Blmngtn,7,Attchd,3182,2007,1Story,159895
CollgCr,8,Attchd,11250,2002,2Story,255900
Mitchel,5,Attchd,10125,1977,1.5Fin,126000
Edwards,5,Detchd,10880,1950,1Story,125000
OldTown,6,Attchd,5310,1910,1.5Fin,117000
NridgHt,9,Attchd,10159,2009,1Story,395192
NWAmes,6,Attchd,12046,1976,2Story,195000
Somerst,7,Attchd,8125,2006,2Story,197000
NoRidge,8,Attchd,9452,1997,2Story,348000
OldTown,8,Attchd,17671,1882,2Story,168000
NAmes,6,Attchd,9760,1964,2Story,187000
CollgCr,6,Attchd,8846,2005,2Story,173900
NridgHt,10,Attchd,12456,2006,1Story,337500
BrkSide,4,Detchd,4712,1946,1.5Fin,121600
NAmes,5,Attchd,10659,1961,1Story,136500
NWAmes,6,Attchd,11717,1970,1Story,185000
IDOTRR,3,Detchd,9786,1922,1Story,91000
CollgCr,7,Attchd,6762,2006,1Story,206000
Edwards,3,Detchd,10206,1952,1Story,82000
OldTown,5,Detchd,5400,1920,1Story,86000
Somerst,8,Attchd,11957,2006,1Story,232000
NWAmes,5,Detchd,11500,1976,1Story,136905
Blmngtn,7,Attchd,3182,2005,1Story,181000
CollgCr,5,Attchd,8385,1977,SLvl,149900
NAmes,6,Attchd,12155,1970,1Story,163500
MeadowV,4,Attchd,2217,1970,2Story,88000
Mitchel,7,Attchd,12118,2004,1Story,240000
SWISU,5,NA,6000,1926,1.5Fin,102000
Sawyer,5,Attchd,21286,1948,1.5Fin,135000
Edwards,5,NA,9825,1965,1Story,100000
Crawfor,6,Detchd,10592,1923,2Story,165000
OldTown,5,Detchd,7200,1910,1Story,85000
NAmes,6,Detchd,11664,1948,1Story,119200
NWAmes,8,Attchd,8400,2001,2Story,227000
CollgCr,7,Attchd,11883,1996,1Story,203000
StoneBr,8,Attchd,5814,1984,1Story,187500
Gilbert,7,Attchd,10784,1991,SLvl,160000
Blmngtn,7,Attchd,3013,2005,1Story,213490
Edwards,4,Attchd,7024,2005,1Story,176000
CollgCr,7,Attchd,7406,2006,1Story,194000
OldTown,5,Detchd,9439,1930,1.5Fin,87000
Blmngtn,7,Attchd,3182,2005,1Story,191000
Timber,8,Attchd,15498,1976,1Story,287000
CollgCr,5,Detchd,7700,1972,1Story,112500
NAmes,5,Attchd,9300,1960,1Story,167500
Timber,8,Attchd,9520,2007,1Story,293077
NAmes,5,Attchd,9492,1941,1.5Fin,105000
BrDale,6,Detchd,1680,1972,2Story,118000
SWISU,5,NA,7082,1916,2Story,160000
SWISU,7,Basment,15863,1920,2.5Fin,197000
NoRidge,8,Attchd,14541,1993,2Story,310000
CollgCr,7,Attchd,8125,2002,1Story,230000
Crawfor,5,Basment,6305,1938,1Story,119750
Edwards,4,Detchd,11500,1957,1Story,84000
Timber,9,Attchd,12898,2007,1Story,315500
CollgCr,8,BuiltIn,9240,2001,2Story,287000
MeadowV,4,NA,1533,1970,2Story,97000
MeadowV,4,Attchd,1477,1970,SFoyer,80000
Sawyer,5,Attchd,13125,1957,1Story,155000
NWAmes,6,Attchd,9130,1966,2Story,173000
NridgHt,6,Attchd,5381,2005,1Story,196000
SawyerW,7,Attchd,11839,1990,2Story,262280
NWAmes,8,Attchd,9600,1981,1Story,278000
Edwards,3,Attchd,13680,1955,1Story,139600
StoneBr,9,BuiltIn,16056,2005,2Story,556581
CollgCr,5,Detchd,9245,1994,1Story,145000
Mitchel,5,Attchd,21750,1960,1Story,115000
Edwards,4,Detchd,11100,1946,1Story,84900
Gilbert,7,Attchd,8993,2007,1Story,176485
CollgCr,7,Attchd,11175,2007,1Story,200141
NAmes,6,Attchd,9500,1964,2Story,165000
Edwards,5,Basment,8562,1957,1Story,144500
CollgCr,8,Attchd,11367,2002,2Story,255000
NWAmes,6,Attchd,11361,1976,1Story,180000
NridgHt,7,Attchd,7052,2005,1Story,185850
NoRidge,7,BuiltIn,29959,1994,2Story,248000
NridgHt,9,Attchd,11308,2008,2Story,335000
Crawfor,6,Detchd,11275,1932,1.5Fin,220000
StoneBr,8,Attchd,4920,2001,1Story,213500
IDOTRR,3,Detchd,18000,1935,1Story,81000
OldTown,5,Detchd,13600,1900,2Story,90000
OldTown,6,Detchd,6000,1925,1Story,110500
NAmes,5,Attchd,11000,1966,1Story,154000
ClearCr,7,Attchd,14000,1996,2Story,328000
Gilbert,6,Attchd,7837,1993,2Story,178000
NAmes,6,Attchd,9760,1964,2Story,167900
MeadowV,6,Attchd,3964,1973,2Story,151400
NAmes,5,Detchd,9600,1949,1.5Unf,135000
NAmes,5,Attchd,10152,1956,1Story,135000
NWAmes,6,Attchd,11700,1968,2Story,154000
Edwards,5,Detchd,7585,1948,1.5Fin,91500
Edwards,6,Attchd,7950,1977,2Story,159500
CollgCr,7,Attchd,8556,2006,1Story,194000
Crawfor,7,Attchd,13125,1940,2Story,219500
OldTown,5,Attchd,10800,1936,1.5Fin,170000
NAmes,5,Attchd,15870,1969,1Story,138800
CollgCr,6,Attchd,4435,2004,1Story,155900
CollgCr,5,Attchd,8775,1994,1Story,126000
NWAmes,6,Attchd,11040,1971,1Story,145000
Sawyer,5,Attchd,7500,1963,1Story,133000
CollgCr,7,Attchd,8749,2002,1Story,192000
NAmes,6,Attchd,8800,1964,1Story,160000
Gilbert,6,Attchd,13031,1995,2Story,187500
SawyerW,6,Attchd,9069,1992,SFoyer,147000
MeadowV,4,Attchd,1974,1973,2Story,83500
Somerst,8,Attchd,10574,2005,2Story,252000
Edwards,7,Detchd,2522,2004,2Story,137500
Somerst,8,Attchd,3316,2005,1Story,197000
NAmes,3,Detchd,8544,1950,1Story,92900
Somerst,7,Detchd,2160,1999,2Story,160000
SWISU,6,Detchd,8400,1925,1.5Fin,136500
NAmes,5,Detchd,9230,1965,1Story,146000
NAmes,5,Attchd,5868,1956,1Story,129000
CollgCr,6,Attchd,9317,2006,1Story,176432
IDOTRR,6,NA,6882,1914,2Story,127000
StoneBr,8,Attchd,3696,1986,1Story,170000
BrkSide,4,Detchd,6000,1936,1.5Fin,128000
NWAmes,7,Attchd,11880,1978,1Story,157000
SWISU,2,Detchd,8400,1920,1Story,60000
NAmes,5,Detchd,9758,1971,1Story,119500
NAmes,5,Attchd,7000,1960,1Story,135000
NAmes,6,BuiltIn,8910,1959,1Story,159500
BrDale,5,Detchd,2016,1970,2Story,106000
NoRidge,8,Attchd,12256,1994,2Story,325000
SawyerW,7,Attchd,10357,1990,1Story,179900
Gilbert,7,BuiltIn,23257,2006,2Story,274725
Gilbert,6,Attchd,8063,2000,2Story,181000
NridgHt,8,Attchd,11362,2004,1Story,280000
Gilbert,6,Attchd,8000,1995,2Story,188000
NWAmes,7,Attchd,10480,1976,2Story,205000
NAmes,5,Detchd,7100,1957,1Story,129900
NAmes,5,Attchd,8923,1953,1Story,134500
OldTown,5,Detchd,5400,1954,1Story,117000
NridgHt,8,Attchd,12085,2007,1Story,318000
Gilbert,8,BuiltIn,7750,2002,SLvl,184100
Sawyer,5,Attchd,9764,1967,1Story,130000
Sawyer,5,BuiltIn,13825,1958,SLvl,140000
NAmes,5,Attchd,7560,1959,1Story,133700
IDOTRR,6,Detchd,8263,1920,1Story,118400
CollgCr,7,Attchd,10084,2005,1Story,212900
Edwards,4,Basment,8926,1956,1Story,112000
Edwards,5,NA,9405,1947,1Story,118000
Gilbert,7,Attchd,9125,1992,SLvl,163900
NAmes,4,Detchd,10434,1955,1Story,115000
Blmngtn,7,Attchd,3684,2007,1Story,174000
Gilbert,7,Attchd,14572,2004,1Story,259000
Gilbert,7,BuiltIn,11796,2004,2Story,215000
OldTown,5,Detchd,7200,1980,SFoyer,140000
SWISU,4,Detchd,7804,1928,1.5Fin,135000
Mitchel,5,NA,10712,1991,1Story,93500
OldTown,6,Detchd,9900,1880,2Story,117500
SawyerW,8,Attchd,9828,1995,2Story,239500
Gilbert,6,Attchd,8773,1997,2Story,169000
BrkSide,6,Detchd,6180,1926,1Story,102000
NAmes,6,Attchd,9600,1950,1.5Fin,119000
Sawyer,5,NA,6342,1875,1.5Fin,94000
Mitchel,6,Attchd,9819,1977,1Story,196000
BrkSide,5,Detchd,8731,1920,1Story,144000
NAmes,5,Detchd,7350,1951,1Story,139000
NWAmes,5,Attchd,10304,1976,2Story,197500
CollgCr,8,BuiltIn,9965,2006,2Story,424870
Sawyer,5,NA,9000,1959,1Story,80000
Edwards,4,Detchd,12180,1941,1.5Fin,80000
BrkSide,5,Detchd,6240,1928,1.5Fin,149000
SawyerW,6,Attchd,11200,1985,1Story,180000
Crawfor,7,Attchd,12000,1941,2Story,174500
OldTown,7,Detchd,5700,1926,1.5Fin,116900
OldTown,7,Detchd,9000,1920,2Story,143000
NAmes,6,Attchd,8280,1950,1Story,124000
Edwards,5,Attchd,17755,1959,1Story,149900
Crawfor,6,Attchd,14115,1956,1Story,230000
IDOTRR,6,Detchd,5890,1930,1Story,120500
NAmes,7,Attchd,13700,1965,2Story,201800
Veenker,5,Attchd,10768,1976,1Story,218000
NAmes,5,Attchd,9350,1965,SLvl,179900
NridgHt,7,Attchd,5001,2007,1Story,230000
Somerst,8,Attchd,11932,2007,1Story,235128
NWAmes,6,Attchd,9120,1974,2Story,185000
NPkVill,6,Attchd,2280,1978,2Story,146000
Crawfor,6,Detchd,14778,1954,1Story,224000
Sawyer,5,Attchd,8724,1968,1Story,129000
Sawyer,4,CarPort,12900,1969,SFoyer,108959
Veenker,5,Attchd,16157,1978,SLvl,194000
NridgHt,7,Attchd,9541,2009,1Story,233170
CollgCr,8,Attchd,10475,2008,1Story,245350
Gilbert,6,Attchd,10852,2000,2Story,173000
Edwards,6,Basment,13728,1935,2Story,235000

Mitchel,6,Attchd,9880,1977,SLvl,171000
NAmes,6,Attchd,9120,1958,1Story,163000
Somerst,7,Detchd,4017,2006,2Story,171900
ClearCr,5,NA,18030,1946,1.5Fin,200500
Crawfor,6,Detchd,16560,1932,2Story,239000
NoRidge,8,Attchd,10678,1992,1.5Fin,285000
Mitchel,5,Attchd,6951,1984,1Story,119500
OldTown,6,Detchd,3950,1926,1.5Fin,115000
Crawfor,5,Detchd,7681,1921,1.5Fin,154900
Edwards,5,NA,8335,1954,1Story,93000
Timber,7,Attchd,11170,1990,2Story,250000
Crawfor,8,Attchd,5587,2008,1Story,392500

OldTown,5,Detchd,10800,1920,1Story,120000
Timber,5,2Types,35133,1963,1Story,186700
Edwards,5,Attchd,9738,1924,1.5Fin,104900
OldTown,3,CarPort,10615,1900,2Story,95000
NoRidge,8,Attchd,12461,1994,1Story,262000
CollgCr,7,Attchd,8935,2002,2Story,195000
Gilbert,7,Attchd,7500,1999,2Story,189000
Mitchel,4,2Types,32463,1961,1Story,168000
Somerst,8,Detchd,2645,1999,2Story,174000
OldTown,5,Detchd,9600,1925,1.5Fin,125000
Mitchel,6,Attchd,4500,1999,1Story,165000
Sawyer,6,Attchd,9364,1969,2Story,158000
Gilbert,6,Attchd,8029,2005,2Story,176000
Gilbert,7,BuiltIn,14054,2006,2Story,219210
OldTown,7,Detchd,8850,1916,2.5Unf,144000
CollgCr,7,Attchd,9100,2001,1Story,178000
Sawyer,4,Attchd,11235,1963,1Story,148000
NAmes,4,Attchd,9353,1970,1Story,116050
CollgCr,7,Attchd,10400,1998,2Story,197900
BrkSide,5,Detchd,6000,1925,1.5Fin,117000
CollgCr,7,Attchd,9750,2000,1Story,213000
NWAmes,5,Attchd,10140,1975,1Story,153500
SawyerW,7,Attchd,14684,1990,1Story,271900
SawyerW,4,Detchd,8900,1966,1Story,107000
CollgCr,6,Attchd,9135,2003,1Story,200000
NAmes,5,Detchd,7763,1962,1Story,140000
Somerst,8,Attchd,10182,2006,1Story,290000
SawyerW,6,Attchd,11218,1992,2Story,189000
Gilbert,8,Basment,12134,1988,1.5Fin,164000
Edwards,4,Attchd,9340,1941,1Story,113000
Sawyer,4,Attchd,10246,1965,SLvl,145000
NAmes,5,Attchd,10205,1962,SFoyer,134500
Sawyer,5,Detchd,7094,1966,1Story,125000
Sawyer,6,Attchd,8930,1978,1.5Fin,112000
Somerst,8,Attchd,8640,2009,1Story,229456
BrkSide,4,NA,6240,1947,1.5Fin,80500
BrDale,6,NA,1680,1971,2Story,91500
NAmes,5,Attchd,7800,1964,1Story,115000
Sawyer,5,Attchd,8250,1968,1Story,134000
NAmes,6,Attchd,10496,1949,1.5Fin,143000
NAmes,5,Detchd,10680,1951,1Story,137900
Gilbert,7,Attchd,15384,2004,2Story,184000
NAmes,6,Attchd,10482,1958,SLvl,145000
Somerst,6,BuiltIn,14598,2007,2Story,214000
NAmes,5,Detchd,8872,1965,1Story,147000
NridgHt,9,Attchd,8769,2008,1Story,367294
NAmes,5,Basment,7910,1960,SLvl,127000
Sawyer,5,BuiltIn,18890,1977,1.5Fin,190000
NAmes,5,Attchd,7728,1962,SLvl,132500
NAmes,4,CarPort,9842,1962,1Story,101800
NAmes,5,Attchd,12160,1959,1Story,142000
SWISU,5,NA,8525,1911,2Story,130000
Crawfor,5,Detchd,13132,1914,2Story,138887
NridgHt,7,BuiltIn,2628,2003,2Story,175500
CollgCr,7,BuiltIn,12393,2004,2Story,195000
SawyerW,6,Detchd,13072,2005,1Story,142500
Timber,8,Attchd,9037,2006,1Story,265900
CollgCr,7,Attchd,8158,2003,2Story,224900
Somerst,7,Attchd,9849,2007,1Story,248328
NWAmes,7,Attchd,10625,1974,SFoyer,170000
NridgHt,10,Attchd,13891,2006,1Story,465000
Crawfor,8,Detchd,11435,1929,2Story,230000
NWAmes,6,BuiltIn,12090,1984,SLvl,178000
Somerst,7,Attchd,8125,2005,2Story,186500
Mitchel,6,Attchd,12328,1976,SLvl,169900
OldTown,6,Detchd,9600,1917,2.5Unf,129500
NAmes,5,Attchd,7200,1950,1Story,119000
NAmes,7,Attchd,11160,1968,1Story,244000
NridgHt,7,Attchd,3136,2003,1Story,171750
Mitchel,5,Attchd,9858,1968,1Story,130000
Veenker,7,Attchd,17542,1974,2Story,294000
Edwards,7,BuiltIn,6931,2003,2Story,165400
BrkSide,6,Detchd,6240,1931,1.5Fin,127500
NoRidge,8,Attchd,14303,1994,1Story,301500
Edwards,5,NA,4060,1922,1Story,99900
Gilbert,7,Attchd,9587,2005,SLvl,190000
NAmes,6,Attchd,9750,1969,1Story,151000
Gilbert,6,BuiltIn,24682,1999,2Story,181000
NAmes,5,Attchd,9600,1956,1Story,128900
ClearCr,4,Attchd,11250,1957,1.5Fin,161500
BrkSide,6,Detchd,13515,1919,2Story,180500
NAmes,6,Attchd,4060,1998,1Story,181000
Somerst,7,Detchd,3735,1999,2Story,183900
OldTown,7,Detchd,10120,1910,2.5Unf,122000
Timber,9,Attchd,13214,2008,1Story,378500
Crawfor,8,BuiltIn,14100,1935,1.5Fin,381000
NAmes,5,Attchd,11344,1958,1.5Fin,144000
ClearCr,7,Attchd,23595,1979,1Story,260000
NWAmes,6,Attchd,9156,1968,1Story,185750
Sawyer,5,Attchd,13526,1965,1Story,137000
Edwards,6,Basment,11512,1959,SLvl,177000
Crawfor,5,Detchd,5362,1910,1.5Fin,139000
NAmes,5,Detchd,11345,1948,2Story,137000
NWAmes,6,Attchd,12936,1972,2Story,162000
NWAmes,6,Attchd,17871,1967,SLvl,197900
CollgCr,8,Attchd,9473,2002,2Story,237000
IDOTRR,4,Detchd,7500,1920,1.5Fin,68400
CollgCr,7,Attchd,9808,2002,1Story,227000
Timber,7,Attchd,8049,1990,1Story,180000
CollgCr,5,Detchd,8800,1977,1Story,150500
Mitchel,6,NA,9400,1971,2Story,139000
SWISU,6,Detchd,9638,1919,1.5Fin,169000
BrkSide,6,Detchd,6000,1939,1.5Fin,132500
NWAmes,6,Attchd,9790,1963,1Story,143000
ClearCr,5,Attchd,36500,1964,1Story,190000
StoneBr,8,Attchd,5664,2000,1Story,278000
NridgHt,8,BuiltIn,11065,2006,2Story,281000
NAmes,5,Attchd,14112,1964,SLvl,180500
BrDale,5,Detchd,1680,1972,2Story,119500
OldTown,5,Attchd,6600,1892,2Story,107500
NWAmes,7,Attchd,10140,1976,2Story,162900
Edwards,5,Detchd,8172,1955,1Story,115000
NAmes,5,Attchd,8400,1968,1Story,138500
NAmes,5,Attchd,8700,1963,1Story,155000
Edwards,6,Basment,3675,2005,SFoyer,140000
Edwards,10,Attchd,63887,2008,2Story,160000
NAmes,5,Attchd,7500,1959,1Story,154000
Gilbert,7,Attchd,10762,1999,2Story,225000
Crawfor,6,Attchd,7500,1942,2Story,177500
NoRidge,8,Attchd,10120,1994,2Story,290000
Somerst,7,Attchd,8688,2005,1Story,232000
Edwards,7,Detchd,3363,2004,2Story,130000
NridgHt,9,Attchd,13173,2006,1Story,325000
NridgHt,7,Attchd,6955,2005,1Story,202500
CollgCr,5,Detchd,8072,1994,1Story,138000
OldTown,5,Attchd,12000,1948,1Story,147000
SawyerW,6,Attchd,7153,1991,1Story,179200
Crawfor,7,Attchd,17500,1959,1Story,335000
CollgCr,7,Attchd,8814,2005,1Story,203000
NoRidge,8,Attchd,9572,1990,2Story,302000
NoRidge,9,BuiltIn,14774,1999,2Story,333168
Edwards,4,Detchd,8190,1954,1Story,119000
NAmes,6,Attchd,11075,1969,2Story,206900
CollgCr,8,Attchd,10226,2008,1Story,295493
Somerst,7,Attchd,4230,2006,1Story,208900
CollgCr,8,Attchd,14781,2001,1Story,275000
Edwards,4,Attchd,10215,1954,1Story,111000
NAmes,6,Attchd,8400,1957,1Story,156500
BrkSide,3,Detchd,6627,1949,1Story,72500
NoRidge,7,Attchd,10186,1992,2Story,190000
BrkSide,4,NA,5330,1940,1Story,82500
Somerst,8,Attchd,9986,2006,1Story,147000
IDOTRR,4,NA,3636,1922,1Story,55000
Edwards,3,NA,4270,1931,1Story,79000
Mitchel,5,Attchd,6600,1982,1Story,130500
OldTown,6,Detchd,10440,1920,1.5Fin,256000
Gilbert,7,Attchd,9084,1998,2Story,176500
Somerst,8,Attchd,10000,2006,1Story,227000
CollgCr,5,Detchd,10780,1976,SLvl,132500
Edwards,4,Detchd,8877,1938,1Story,100000
IDOTRR,5,Detchd,7200,1938,1.5Fin,125500
BrDale,5,Attchd,2368,1970,2Story,125000
NWAmes,6,Attchd,9650,1977,1Story,167900
NWAmes,5,Detchd,9246,1973,1Story,135000
OldTown,4,NA,4118,1941,1Story,52500
CollgCr,7,BuiltIn,13450,2002,2Story,200000
CollgCr,5,Attchd,9560,1972,1Story,128500
NAmes,4,Detchd,8294,1971,1Story,123000
SawyerW,6,Detchd,13695,2003,1Story,155000
CollgCr,8,Attchd,9375,2002,2Story,228500
Crawfor,6,Detchd,7558,1928,1.5Fin,177000
CollgCr,7,Attchd,11103,2006,2Story,155835
OldTown,4,Detchd,6000,1920,1Story,108500
NWAmes,7,Attchd,20781,1968,1Story,262500
Timber,8,Attchd,15306,2006,1Story,283463
SawyerW,7,Attchd,16196,1998,1Story,215000
OldTown,8,NA,5250,1872,2Story,122000
NAmes,5,Detchd,11643,1969,2Story,200000
NAmes,6,Attchd,9247,1962,2Story,171000
BrkSide,6,Detchd,6000,1937,1.5Fin,134900
NoRidge,8,Attchd,14720,1995,1.5Fin,410000
CollgCr,7,Attchd,10316,2000,2Story,235000
NWAmes,7,Attchd,10192,1968,SLvl,170000
NAmes,5,Attchd,9477,1966,1Story,110000
NAmes,5,Attchd,12537,1971,1Story,149900
Somerst,6,Detchd,2117,2000,2Story,177500
NridgHt,9,Attchd,16737,2004,1Story,315000
SWISU,5,BuiltIn,9842,1921,2Story,189000
StoneBr,7,Attchd,16158,2005,1Story,260000
NAmes,4,Attchd,12513,1920,1.5Fin,104900
Gilbert,6,BuiltIn,8499,2006,2Story,156932
Somerst,7,Detchd,3180,2005,2Story,144152
Somerst,7,Attchd,7500,2000,2Story,216000
CollgCr,7,Attchd,9179,1999,2Story,193000
MeadowV,5,Attchd,2665,1977,2Story,127000
CollgCr,6,Attchd,4435,2003,1Story,144000
CollgCr,8,Attchd,10635,2003,1Story,232000
OldTown,4,Detchd,5400,1920,1.5Fin,105000
NAmes,6,BuiltIn,9600,1955,SLvl,165500
CollgCr,7,Detchd,9750,1998,2Story,274300
NoRidge,10,Attchd,11400,2001,1Story,466500
Somerst,7,Attchd,10625,2005,2Story,250000
Timber,8,Attchd,10991,2007,1Story,239000
SWISU,6,Detchd,6292,1930,1Story,91000
Edwards,5,Detchd,10998,1941,1.5Fin,117000
BrDale,6,Detchd,1953,1973,2Story,83000
Timber,5,BuiltIn,9735,2006,SLvl,167500
Edwards,3,Detchd,8212,1914,1Story,58500
NAmes,6,Attchd,12925,1970,1Story,237500
OldTown,7,Detchd,7200,1920,2Story,157000
Sawyer,5,Attchd,25339,1918,1Story,112000
Edwards,6,Detchd,9060,1939,1.5Fin,105000
IDOTRR,4,Detchd,5436,1922,1.5Fin,125500
NWAmes,7,Attchd,16692,1978,2Story,250000
OldTown,6,Detchd,8520,1916,1.5Fin,136000
Gilbert,9,Attchd,14892,2006,1Story,377500
BrkSide,6,Detchd,6000,1941,1.5Fin,131000
CollgCr,7,Attchd,9100,2000,1Story,235000
NAmes,5,Detchd,8944,1967,1Story,124000
NAmes,5,Attchd,7838,1967,SFoyer,123000
OldTown,6,Detchd,10800,1905,1.5Fin,163000
Blmngtn,7,Attchd,4045,2006,1Story,246578
Timber,8,BuiltIn,12665,2005,2Story,281213
Timber,5,Detchd,57200,1948,1Story,160000
BrkSide,5,Detchd,6120,1920,2Story,137500
NAmes,5,Attchd,7200,1950,1.5Fin,138000
SWISU,6,Detchd,6171,1925,1.5Fin,137450
BrkSide,6,BuiltIn,6000,1929,1.5Fin,120000
Gilbert,6,Attchd,7415,2004,2Story,193000
CollgCr,7,Attchd,6762,2006,1Story,193879
Somerst,8,Attchd,15256,2007,1Story,282922
OldTown,3,Detchd,10410,1915,1.5Fin,105000
Crawfor,8,Attchd,3842,2004,1Story,275000
CollgCr,5,Detchd,8445,1972,SFoyer,133000
Mitchel,5,NA,8780,1985,1Story,112000
OldTown,4,Detchd,7740,1910,2Story,125500
NWAmes,7,Attchd,20544,1986,2Story,215000
CollgCr,7,Attchd,12420,2001,2Story,230000
NAmes,6,Attchd,9600,1950,1.5Fin,140000
NAmes,4,Detchd,7200,1949,1Story,90000
SawyerW,8,Attchd,10994,2005,1Story,257000
BrkSide,6,Detchd,13053,1923,1.5Fin,207000
Blmngtn,7,Attchd,3635,2007,1Story,175900
OldTown,4,Detchd,11340,1885,2Story,122500
NoRidge,8,Attchd,16545,1998,2Story,340000
NAmes,5,Detchd,9204,1963,1Story,124000
Crawfor,6,Attchd,16381,1969,1Story,223000
NWAmes,6,Attchd,11700,1968,2Story,179900
NPkVill,6,Attchd,4043,1977,1Story,127500
CollgCr,6,Attchd,4435,2003,1Story,136500
Edwards,6,Attchd,19690,1966,SLvl,274970
NAmes,5,Detchd,9503,1958,1Story,144000
NAmes,6,Detchd,10721,1959,1Story,142000
NoRidge,7,Attchd,10944,1994,2Story,271000
NAmes,5,Attchd,10930,1945,1.5Fin,140000
OldTown,5,Attchd,7200,1940,1Story,119000
NWAmes,6,Attchd,12546,1981,1Story,182900
Gilbert,5,BuiltIn,21930,2005,2Story,192140
NPkVill,6,Attchd,4928,1976,1Story,143750
OldTown,4,Detchd,10800,1927,1Story,64500
Gilbert,6,Attchd,10261,2000,2Story,186500
Mitchel,5,Attchd,17400,1977,1Story,160000
NAmes,6,Attchd,8400,1962,1Story,174000
NAmes,4,Detchd,9000,1971,1Story,120500
NridgHt,8,Attchd,12444,2008,1Story,394617
OldTown,6,Attchd,7407,1957,1Story,149700
NWAmes,7,Attchd,11584,1979,SLvl,197000
Crawfor,6,Detchd,11526,1922,2.5Fin,191000
CollgCr,6,Attchd,4426,2004,1Story,149300
Somerst,10,Attchd,11003,2008,2Story,310000
BrkSide,6,Detchd,8854,1916,1.5Unf,121000
CollgCr,7,Attchd,8500,2004,1Story,179600
Sawyer,6,Detchd,8400,1966,SFoyer,129000
Mitchel,5,Attchd,26142,1962,1Story,157900
CollgCr,8,Attchd,10000,1995,2Story,240000
Edwards,4,Detchd,11767,1910,2Story,112000
MeadowV,5,NA,1533,1970,SFoyer,92000
NAmes,5,NA,9000,1974,2Story,136000
Somerst,8,Attchd,9262,2008,1Story,287090
Edwards,5,Basment,3675,2005,SLvl,145000
Mitchel,5,NA,17217,2006,1Story,84500
Somerst,7,Attchd,7500,2004,1Story,185000
Gilbert,6,Attchd,7917,1999,2Story,175000
NWAmes,6,Attchd,13175,1978,1Story,210000
Crawfor,7,Attchd,9042,1941,2Story,266500
NAmes,5,Attchd,9717,1950,1Story,142125
Edwards,5,Attchd,9937,1965,1Story,147500
